<?xml version='1.0' encoding='utf-8' standalone='yes' ?>
<map>
    <string name="prefAppIconSize">0</string>
    <string name="packageorder_4">com.hulu.livingroomplus</string>
    <string name="prefJumpbackWatchdogTime">5000</string>
    <boolean name="prefBackgroundObservationEnabled" value="true" />
    <boolean name="prefClearPreviousInstancesForDoubleClick" value="false" />
    <string name="packageorder_6">org.videolan.vlc</string>
    <string name="packageorder_5">com.lonelycoder.mediaplayer</string>
    <boolean name="prefClearPreviousInstancesForSingleClick" value="true" />
    <string name="packageorder_11">org.sopcast.android</string>
    <string name="prefClickInterval">500</string>
    <boolean name="prefShowSysApps" value="false" />
    <int name="packageorder_size" value="12" />
    <string name="prefLanguage"></string>
    <boolean name="prefHideLeftBarInAppOverview" value="true" />
    <string name="packageorder_7">com.speedsoftware.rootexplorer</string>
    <string name="packageorder_8">com.teamviewer.quicksupport.market</string>
    <boolean name="prefBackgroundObservationFallBackToNonAdb" value="true" />
    <boolean name="prefBackgroundObservationViaAdb" value="false" />
    <string name="packageorder_0">org.xbmc.kodi</string>
    <string name="prefHomeDoubleClickPackage">org.xbmc.kodi</string>
    <boolean name="prefShowBackgroundForAppNames" value="false" />
    <string name="packageorder_10">org.acestream</string>
    <string name="packageorder_9">de.belu.firestopper.virtual.settings</string>
    <string name="prefHomeSingleClickPackage">de.belu.firestopper</string>
    <string name="packageorder_3">com.netflix.mediaclient</string>
    <string name="prefKodiUpdatePolicy">Stable</string>
    <boolean name="prefHaveUpdateSeen" value="true" />
    <string name="packageorder_1">com.mobdro.android</string>
    <string name="prefStartupPackage">de.belu.firestopper</string>
    <set name="prefHiddenApps">
        <string>com.amazon.tv.intentsupport</string>
        <string>org.acestream</string>
        <string>org.sopcast.android</string>
        <string>de.belu.firestopper</string>
    </set>
    <string name="packageorder_2">dp.ws.popcorntime</string>
    <boolean name="prefAutoSelectFirstIcon" value="true" />
    <string name="prefVirtualSleepTime">5</string>
</map>
